{"cameraMode":{"drawMode":0,"name":"Shaded","section":"Shading Mode"},"sceneLighting":false,"audioPlay":false,"sceneViewState":{"showFog":false,"showMaterialUpdate":false,"showSkybox":false,"showFlares":false,"showImageEffects":false,"showParticleSystems":true},"in2DMode":false,"pivot":{"x":-3.0419137477874758,"y":0.054169297218322757,"z":3.167227268218994},"rotation":{"x":-0.12001042813062668,"y":-0.012808995321393013,"z":0.001548904343508184,"w":-0.9926888346672058},"size":1.138608455657959,"orthographic":false}