{"cameraMode":{"drawMode":0,"name":"Shaded","section":"Shading Mode"},"sceneLighting":false,"audioPlay":false,"sceneViewState":{"showFog":false,"showMaterialUpdate":false,"showSkybox":false,"showFlares":false,"showImageEffects":false,"showParticleSystems":true},"in2DMode":false,"pivot":{"x":-1.4208694696426392,"y":-0.11926363408565521,"z":-0.06148254871368408},"rotation":{"x":-0.22403787076473237,"y":0.08378874510526657,"z":-0.019336514174938203,"w":-0.9707794189453125},"size":1.478940725326538,"orthographic":false}