{"cameraMode":{"drawMode":0,"name":"Shaded","section":"Shading Mode"},"sceneLighting":false,"audioPlay":false,"sceneViewState":{"showFog":false,"showMaterialUpdate":false,"showSkybox":false,"showFlares":false,"showImageEffects":false,"showParticleSystems":true},"in2DMode":false,"pivot":{"x":-3.490000009536743,"y":0.21000012755393983,"z":0.5},"rotation":{"x":-0.1021307036280632,"y":0.0050707003101706509,"z":-0.0005202342290431261,"w":-0.9947579503059387},"size":0.9919013381004334,"orthographic":false}