{"cameraMode":{"drawMode":0,"name":"Shaded","section":"Shading Mode"},"sceneLighting":false,"audioPlay":false,"sceneViewState":{"showFog":false,"showMaterialUpdate":false,"showSkybox":false,"showFlares":false,"showImageEffects":false,"showParticleSystems":true},"in2DMode":false,"pivot":{"x":0.6337525844573975,"y":0.5212146043777466,"z":-1.1606086492538453},"rotation":{"x":-0.2943272888660431,"y":-0.6429421305656433,"z":0.2943309247493744,"w":-0.6429356932640076},"size":1.3965680599212647,"orthographic":false}