{"cameraMode":{"drawMode":0,"name":"Shaded","section":"Shading Mode"},"sceneLighting":false,"audioPlay":false,"sceneViewState":{"showFog":false,"showMaterialUpdate":false,"showSkybox":false,"showFlares":false,"showImageEffects":false,"showParticleSystems":true},"in2DMode":false,"pivot":{"x":-3.4900002479553224,"y":0.27699995040893557,"z":1.5},"rotation":{"x":-0.1021307036280632,"y":0.0050707003101706509,"z":-0.0005202342290431261,"w":-0.9947579503059387},"size":1.8678040504455567,"orthographic":false}